Unnamed: 0,Date,Open,Close,High,Low,Volume,Percent Change,Symbol
AAPL,2025-10-29 03:03:16,269.20001220703125,269.0299987792969,269.3550109863281,268.6000061035156,5339653,-0.06,
GOOG,2025-10-29 03:03:17,268.75,268.44000244140625,268.8999938964844,268.0899963378906,2616932,-0.12,
AAPL,2025-10-29 03:09:31,269.20001220703125,269.0299987792969,269.3550109863281,268.6000061035156,5339653,-0.06,
META,2025-10-29 03:09:32,753.6799926757812,751.3699951171875,753.6799926757812,750.7999877929688,1428081,-0.31,
,2025-10-29 12:21:35,269.20001220703125,269.0299987792969,269.3550109863281,268.6000061035156,5339653,-0.06,AAPL
,2025-10-29 12:21:35,544.5999755859375,542.010009765625,544.6597290039062,541.7999877929688,2627395,-0.48,MSFT
,2025-10-29 12:21:36,230.35499572753903,229.2400054931641,230.44500732421875,228.57000732421875,4917812,-0.48,AMZN
,2025-10-29 12:21:36,268.75,268.44000244140625,268.8999938964844,268.0899963378906,2616932,-0.12,GOOG
,2025-10-29 12:21:36,753.6799926757812,751.3699951171875,753.6799926757812,750.7999877929688,1428073,-0.31,META
,2025-10-30 12:20:52,268.32000732421875,269.7300109863281,270.3800048828125,267.79998779296875,4325904,0.53,AAPL
,2025-10-30 12:20:52,228.8300018310547,230.33999633789065,230.6199951171875,228.32000732421875,4490640,0.66,AMZN
,2025-10-30 12:20:52,273.70001220703125,275.8299865722656,275.9200134277344,273.55499267578125,3193325,0.78,GOOG
,2025-10-30 12:20:52,747.7849731445312,752.0,755.5999755859375,746.1799926757812,2625240,0.56,META
,2025-10-30 12:20:52,538.8200073242188,542.5599975585938,543.1500244140625,538.1799926757812,3634678,0.69,MSFT
,2025-10-31 12:21:19,271.3399963378906,271.2900085449219,271.6700134277344,271.04998779296875,5177440,-0.02,AAPL
,2025-10-31 12:21:19,284.1099853515625,281.82000732421875,284.40899658203125,280.94000244140625,3125271,-0.81,GOOG
,2025-10-31 12:21:19,523.8800048828125,525.7899780273438,526.6486206054688,523.280029296875,2466656,0.36,MSFT
,2025-10-31 12:21:20,224.3999938964844,222.7700042724609,225.0800018310547,222.75,29416474,-0.73,AMZN
,2025-10-31 12:21:20,667.75,666.1199951171875,671.5499877929688,665.3400268554688,3587126,-0.24,META
,2025-11-01 12:18:00,272.1300048828125,270.25,272.6499938964844,269.9599914550781,6601078,-0.69,AAPL
,2025-11-01 12:18:00,246.8300018310547,244.22000122070312,247.5,243.97999572753903,23315598,-1.06,AMZN
,2025-11-01 12:18:00,281.4700012207031,281.9200134277344,282.57000732421875,281.29998779296875,2255868,0.16,GOOG
,2025-11-01 12:18:00,652.2899780273438,648.3400268554688,652.3480224609375,647.590087890625,3208958,-0.61,META
,2025-11-01 12:18:00,518.6699829101562,517.8200073242188,519.6199951171875,517.0,2922662,-0.16,MSFT
,2025-11-02 12:17:44,272.1300048828125,270.25,272.6499938964844,269.9599914550781,6601078,-0.69,AAPL
,2025-11-02 12:17:45,246.8300018310547,244.22000122070312,247.5,243.97999572753903,23315598,-1.06,AMZN
,2025-11-02 12:17:45,281.4700012207031,281.9200134277344,282.57000732421875,281.29998779296875,2255868,0.16,GOOG
,2025-11-02 12:17:45,652.2899780273438,648.3400268554688,652.3480224609375,647.590087890625,3208958,-0.61,META
,2025-11-02 12:17:45,518.6699829101562,517.8200073242188,519.6199951171875,517.0,2922662,-0.16,MSFT
,2025-11-03 12:21:41,272.1300048828125,270.25,272.6499938964844,269.9599914550781,6600568,-0.69,AAPL
,2025-11-03 12:21:41,246.8300018310547,244.22000122070312,247.5,243.97999572753903,23315598,-1.06,AMZN
,2025-11-03 12:21:41,281.4700012207031,281.8399963378906,282.57000732421875,281.29998779296875,2256310,0.13,GOOG
,2025-11-03 12:21:41,652.2899780273438,648.3400268554688,652.3480224609375,647.590087890625,3208958,-0.61,META
,2025-11-03 12:21:41,518.6699829101562,517.8150024414062,519.6199951171875,517.0,2921575,-0.16,MSFT
,2025-11-04 12:22:20,267.6300048828125,269.0599975585937,269.1099853515625,267.4599914550781,3383138,0.53,AAPL
,2025-11-04 12:22:20,254.8699951171875,254.0599975585937,255.27999877929688,252.8999938964844,4190135,-0.32,AMZN
,2025-11-04 12:22:20,285.1400146484375,284.25,285.1679992675781,283.6499938964844,1168232,-0.31,GOOG
,2025-11-04 12:22:20,642.3699951171875,637.719970703125,642.760009765625,636.2100219726562,2642789,-0.72,META
,2025-11-04 12:22:20,515.4400024414062,517.0700073242188,517.1199951171875,514.5900268554688,1804953,0.32,MSFT
,2025-11-05 12:21:06,270.1000061035156,270.2099914550781,270.4049987792969,269.5,3522361,0.04,AAPL
,2025-11-05 12:21:07,249.42999267578125,249.42999267578125,250.0800018310547,248.6600036621093,3662367,0.0,AMZN
,2025-11-05 12:21:07,277.8500061035156,278.0599975585937,278.32879638671875,276.8689880371094,1520028,0.08,GOOG
,2025-11-05 12:21:07,629.469970703125,627.52001953125,630.3900146484375,626.2800903320312,2071666,-0.31,META
,2025-11-05 12:21:07,513.760009765625,514.77001953125,514.989990234375,513.4000244140625,2191645,0.2,MSFT
,2025-11-06 12:20:53,269.6099853515625,270.1099853515625,270.3999938964844,268.9949951171875,3567904,0.19,AAPL
,2025-11-06 12:20:53,248.44000244140625,250.25,250.8500061035156,248.39089965820312,3991899,0.73,AMZN
,2025-11-06 12:20:53,284.42999267578125,284.7799987792969,285.3900146484375,284.385009765625,1536190,0.12,GOOG
,2025-11-06 12:20:53,639.1500244140625,636.0,639.780029296875,635.9199829101562,1111441,-0.49,META
,2025-11-06 12:20:53,507.8200073242188,506.989990234375,508.1499938964844,506.5899963378906,2456430,-0.16,MSFT
,2025-11-07 12:20:26,271.20001220703125,269.6400146484375,271.52020263671875,269.5950012207031,3825533,-0.58,AAPL
,2025-11-07 12:20:27,244.1199951171875,243.0800018310547,244.5249938964844,242.6499938964844,4062106,-0.43,AMZN
,2025-11-07 12:20:27,285.8500061035156,285.3500061035156,286.3299865722656,284.8099975585937,8286741,-0.17,GOOG
,2025-11-07 12:20:27,621.3499755859375,619.0999755859375,621.8599853515625,618.0,1587039,-0.36,META
,2025-11-07 12:20:27,498.80999755859375,497.3599853515625,499.114990234375,496.1499938964844,2904840,-0.29,MSFT
,2025-11-08 12:18:10,267.760009765625,268.4200134277344,268.5799865722656,267.69000244140625,3276821,0.25,AAPL
,2025-11-08 12:18:10,278.989990234375,279.6300048828125,279.82000732421875,278.79998779296875,1389312,0.23,GOOG
,2025-11-08 12:18:10,496.7300109863281,496.9200134277344,498.2999877929688,495.6099853515625,2409941,0.04,MSFT
,2025-11-08 12:18:11,243.4100036621093,244.4100036621093,244.8999938964844,243.3800048828125,3082318,0.41,AMZN
,2025-11-08 12:18:11,618.344970703125,621.5999755859375,622.1300048828125,617.6300048828125,1475525,0.53,META
,2025-11-09 12:18:04,267.760009765625,268.4200134277344,268.5799865722656,267.69000244140625,3276821,0.25,AAPL
,2025-11-09 12:18:04,243.4100036621093,244.4100036621093,244.8999938964844,243.3800048828125,3082318,0.41,AMZN
,2025-11-09 12:18:04,278.989990234375,279.6300048828125,279.82000732421875,278.79998779296875,1389312,0.23,GOOG
,2025-11-09 12:18:04,618.344970703125,621.5999755859375,622.1300048828125,617.6300048828125,1475525,0.53,META
,2025-11-09 12:18:04,496.7300109863281,496.9200134277344,498.2999877929688,495.6099853515625,2409941,0.04,MSFT
,2025-11-10 12:21:24,267.760009765625,268.4200134277344,268.5799865722656,267.69000244140625,3271221,0.25,AAPL
,2025-11-10 12:21:25,243.4100036621093,244.4100036621093,244.8999938964844,243.3800048828125,3082318,0.41,AMZN
,2025-11-10 12:21:25,278.989990234375,279.6300048828125,279.82000732421875,278.79998779296875,1385537,0.23,GOOG
,2025-11-10 12:21:25,618.344970703125,621.5999755859375,622.1300048828125,617.6300048828125,1475525,0.53,META
,2025-11-10 12:21:25,496.7300109863281,496.9200134277344,498.2999877929688,495.6099853515625,2409941,0.04,MSFT
,2025-11-11 12:20:53,269.1000061035156,269.3599853515625,269.6000061035156,268.760009765625,2892894,0.1,AAPL
,2025-11-11 12:20:53,248.259994506836,248.4100036621093,249.22999572753903,247.8999938964844,11095457,0.06,AMZN
,2025-11-11 12:20:53,290.5400085449219,290.5899963378906,291.2388000488281,290.42999267578125,1716713,0.02,GOOG
,2025-11-11 12:20:53,505.80999755859375,506.0,506.7099914550781,505.0199890136719,10316610,0.04,MSFT
,2025-11-11 12:20:54,632.6699829101562,631.77001953125,634.72998046875,631.260009765625,1488867,-0.14,META
,2025-11-12 12:21:35,275.239990234375,275.29998779296875,275.8450012207031,274.79998779296875,4039818,0.02,AAPL
,2025-11-12 12:21:35,291.2300109863281,291.7099914550781,292.3399963378906,291.080810546875,1643758,0.16,GOOG
,2025-11-12 12:21:35,508.9100036621094,508.8200073242188,509.6000061035156,508.0299987792969,1464317,-0.02,MSFT
,2025-11-12 12:21:36,248.8699951171875,249.13999938964844,249.47000122070312,248.75,1833663,0.11,AMZN
,2025-11-12 12:21:36,626.5599975585938,627.1799926757812,628.0,626.1801147460938,1018218,0.1,META
,2025-11-13 12:21:31,274.04998779296875,273.3999938964844,274.3999938964844,272.9700012207031,3569522,-0.24,AAPL
,2025-11-13 12:21:31,245.13999938964844,244.25,245.3300018310547,243.75,9690051,-0.36,AMZN
,2025-11-13 12:21:31,287.2200012207031,287.4100036621094,287.9100036621094,286.9700012207031,1235131,0.07,GOOG
,2025-11-13 12:21:31,611.2999877929688,609.1300048828125,612.0700073242188,607.7899780273438,1957837,-0.35,META
,2025-11-13 12:21:31,510.8049926757813,511.3900146484375,511.6700134277344,510.2200012207031,2261909,0.11,MSFT
,2025-11-14 12:21:36,273.0299987792969,273.0400085449219,273.6000061035156,272.5,3833036,0.0,AAPL
,2025-11-14 12:21:36,238.38999938964844,237.5800018310547,238.97000122070312,236.52999877929688,3721588,-0.34,AMZN
,2025-11-14 12:21:36,280.44000244140625,279.1300048828125,280.57000732421875,278.1199951171875,1889056,-0.47,GOOG
,2025-11-14 12:21:36,605.969970703125,609.969970703125,610.0,605.924072265625,1449128,0.66,META
,2025-11-14 12:21:36,502.7900085449219,503.2760009765625,504.1449890136719,501.8309020996094,1982063,0.1,MSFT
,2025-11-15 12:18:16,272.9700012207031,272.54998779296875,273.260009765625,272.1700134277344,3210889,-0.15,AAPL
,2025-11-15 12:18:16,235.1999969482422,234.6999969482422,235.27999877929688,234.3300018310547,3812255,-0.21,AMZN
,2025-11-15 12:18:16,277.1499938964844,277.010009765625,277.5599975585937,276.29998779296875,1076937,-0.05,GOOG
,2025-11-15 12:18:16,609.97998046875,609.8099975585938,610.725830078125,607.8099975585938,1213767,-0.03,META
,2025-11-15 12:18:16,510.0400085449219,510.3699951171875,510.4035949707031,508.7099914550781,1492674,0.06,MSFT
,2025-11-16 12:18:14,272.9700012207031,272.54998779296875,273.260009765625,272.1700134277344,3210889,-0.15,AAPL
,2025-11-16 12:18:15,235.1999969482422,234.6999969482422,235.27999877929688,234.3300018310547,3812255,-0.21,AMZN
,2025-11-16 12:18:15,277.1499938964844,277.010009765625,277.5599975585937,276.29998779296875,1076937,-0.05,GOOG
,2025-11-16 12:18:15,609.97998046875,609.8099975585938,610.725830078125,607.8099975585938,1213767,-0.03,META
,2025-11-16 12:18:15,510.0400085449219,510.3699951171875,510.4035949707031,508.7099914550781,1492674,0.06,MSFT
,2025-11-17 12:21:19,272.9700012207031,272.54998779296875,273.260009765625,272.1700134277344,3210889,-0.15,AAPL
,2025-11-17 12:21:19,235.1999969482422,234.6999969482422,235.27999877929688,234.3300018310547,3812255,-0.21,AMZN
,2025-11-17 12:21:19,277.1499938964844,277.010009765625,277.5599975585937,276.29998779296875,1076937,-0.05,GOOG
,2025-11-17 12:21:19,609.97998046875,609.8099975585938,610.725830078125,607.8099975585938,1213767,-0.03,META
,2025-11-17 12:21:19,510.0400085449219,510.3699951171875,510.4035949707031,508.7099914550781,1492674,0.06,MSFT
,2025-11-18 12:22:19,266.44000244140625,267.4599914550781,267.5799865722656,266.19000244140625,3487816,0.38,AAPL
,2025-11-18 12:22:20,231.69000244140625,232.8800048828125,233.0200042724609,231.69000244140625,2731171,0.51,AMZN
,2025-11-18 12:22:20,285.3399963378906,285.6000061035156,286.2200012207031,284.9599914550781,1769940,0.09,GOOG
,2025-11-18 12:22:20,597.0,602.010009765625,602.0499877929688,596.27001953125,3669362,0.84,META
,2025-11-18 12:22:20,506.3550109863281,507.489990234375,507.7200012207031,505.989990234375,1380646,0.22,MSFT
,2025-11-19 12:21:20,268.29998779296875,267.510009765625,268.42999267578125,267.3299865722656,3127789,-0.29,AAPL
,2025-11-19 12:21:21,224.15499877929688,222.55499267578125,224.27999877929688,222.47000122070312,4512476,-0.71,AMZN
,2025-11-19 12:21:21,287.2799987792969,284.989990234375,287.5690002441406,284.7799987792969,2138418,-0.8,GOOG
,2025-11-19 12:21:21,601.5598754882812,597.5700073242188,601.72998046875,597.530029296875,1738860,-0.66,META
,2025-11-19 12:21:21,495.260009765625,493.7999877929688,495.7398986816406,493.5,9271064,-0.29,MSFT
,2025-11-20 12:21:29,270.0,268.54998779296875,270.3299865722656,268.1400146484375,3516386,-0.54,AAPL
,2025-11-20 12:21:29,222.6699981689453,222.69000244140625,223.25,221.7899932861328,3319748,0.01,AMZN
,2025-11-20 12:21:29,295.760009765625,293.0,296.57501220703125,292.9736022949219,3477470,-0.93,GOOG
,2025-11-20 12:21:29,487.510009765625,486.9800109863281,488.6300048828125,485.7699890136719,1871706,-0.11,MSFT
,2025-11-20 12:21:30,586.6699829101562,590.260009765625,590.6900024414062,585.8599853515625,1820451,0.61,META
,2025-11-21 12:20:29,267.32000732421875,266.3800048828125,267.5799865722656,265.9200134277344,3489586,-0.35,AAPL
,2025-11-21 12:20:29,219.0500030517578,217.1499938964844,219.2700042724609,216.7400054931641,4525545,-0.87,AMZN
,2025-11-21 12:20:29,292.0599975585937,290.0599975585937,292.3900146484375,289.1700134277344,10511787,-0.68,GOOG
,2025-11-21 12:20:29,588.5999755859375,589.22998046875,589.8599853515625,584.2999877929688,1712799,0.11,META
,2025-11-21 12:20:29,478.989990234375,478.2900085449219,479.4299926757813,476.05999755859375,2407589,-0.15,MSFT
,2025-11-22 12:17:58,271.3500061035156,271.489990234375,272.1300048828125,270.5899963378906,18794685,0.05,AAPL
,2025-11-22 12:17:58,220.13999938964844,220.6450042724609,221.32000732421875,219.88999938964844,4137911,0.23,AMZN
,2025-11-22 12:17:58,299.92999267578125,299.6600036621094,301.44000244140625,298.8099975585937,3148283,-0.09,GOOG
,2025-11-22 12:17:58,594.0499877929688,594.469970703125,596.0900268554688,593.260009765625,1341529,0.07,META
,2025-11-22 12:17:58,473.3900146484375,472.2200012207031,474.1900024414063,470.7074890136719,2090107,-0.25,MSFT
,2025-11-23 12:17:46,271.3500061035156,271.5,272.1300048828125,270.5899963378906,4300075,0.06,AAPL
,2025-11-23 12:17:46,299.92999267578125,299.6849975585937,301.44000244140625,298.8099975585937,3146849,-0.08,GOOG
,2025-11-23 12:17:46,473.3900146484375,472.2200012207031,474.1900024414063,470.7074890136719,2090107,-0.25,MSFT
,2025-11-23 12:17:47,220.13999938964844,220.6600036621093,221.32000732421875,219.88999938964844,4138039,0.24,AMZN
,2025-11-23 12:17:47,594.0499877929688,594.469970703125,596.0900268554688,593.260009765625,1341529,0.07,META
,2025-11-24 12:21:29,271.3500061035156,271.489990234375,272.1300048828125,270.5899963378906,18794685,0.05,AAPL
,2025-11-24 12:21:29,220.13999938964844,220.6450042724609,221.32000732421875,219.88999938964844,4137911,0.23,AMZN
,2025-11-24 12:21:29,299.92999267578125,299.6600036621094,301.44000244140625,298.8099975585937,3148283,-0.09,GOOG
,2025-11-24 12:21:29,594.0499877929688,594.469970703125,596.0900268554688,593.260009765625,1341529,0.07,META
,2025-11-24 12:21:29,473.3900146484375,472.2200012207031,474.1900024414063,470.7074890136719,2090107,-0.25,MSFT
,2025-11-25 12:22:34,276.4700012207031,275.9800109863281,276.9800109863281,275.1099853515625,4904039,-0.18,AAPL
,2025-11-25 12:22:34,474.2799987792969,473.7900085449219,476.510009765625,473.5499877929688,2390272,-0.1,MSFT
,2025-11-25 12:22:35,226.0850067138672,226.1000061035156,227.2700042724609,225.32000732421875,4093241,0.01,AMZN
,2025-11-25 12:22:35,318.0400085449219,318.3699951171875,319.79998779296875,317.79998779296875,3158601,0.1,GOOG
,2025-11-25 12:22:35,615.0999755859375,613.2150268554688,616.7000122070312,612.969970703125,1574677,-0.31,META
,2025-11-26 12:22:36,277.5599975585937,276.95001220703125,278.0,276.8599853515625,2448205,-0.22,AAPL
,2025-11-26 12:22:36,229.4900054931641,229.6000061035156,229.9900054931641,229.1390075683593,2133973,0.05,AMZN
,2025-11-26 12:22:36,321.7900085449219,323.6499938964844,324.4700012207031,321.7059936523437,1783916,0.58,GOOG
,2025-11-26 12:22:36,633.6199951171875,636.219970703125,637.0449829101562,633.5999755859375,1975048,0.41,META
,2025-11-26 12:22:36,477.1199951171875,476.9299926757813,478.9700012207031,476.739990234375,7486043,-0.04,MSFT
,2025-11-27 12:21:52,278.07000732421875,277.4700012207031,278.29998779296875,277.1499938964844,9116002,-0.22,AAPL
,2025-11-27 12:21:52,229.4199981689453,229.1199951171875,229.8099975585937,229.0599975585937,2284974,-0.13,AMZN
,2025-11-27 12:21:52,319.6499938964844,320.2799987792969,320.79998779296875,319.5,1926714,0.2,GOOG
,2025-11-27 12:21:52,634.2050170898438,633.5499877929688,634.8599853515625,633.0700073242188,798363,-0.1,META
,2025-11-27 12:21:52,487.239990234375,485.489990234375,487.6300048828125,485.0,1838870,-0.36,MSFT
,2025-11-28 12:21:20,278.07000732421875,277.4700012207031,278.29998779296875,277.1499938964844,9116002,-0.22,AAPL
,2025-11-28 12:21:20,229.4199981689453,229.1199951171875,229.8099975585937,229.0599975585937,2284974,-0.13,AMZN
,2025-11-28 12:21:20,319.6499938964844,320.2799987792969,320.79998779296875,319.5,1926714,0.2,GOOG
,2025-11-28 12:21:20,634.2050170898438,633.5499877929688,634.8599853515625,633.0700073242188,798363,-0.1,META
,2025-11-28 12:21:20,487.239990234375,485.489990234375,487.6300048828125,485.0,1838870,-0.36,MSFT
,2025-11-29 12:19:24,276.2449951171875,277.04998779296875,277.1600952148437,275.98651123046875,1791406,0.29,AAPL
,2025-11-29 12:19:24,231.9349975585937,232.10450744628903,232.8800048828125,231.8699951171875,2322322,0.07,AMZN
,2025-11-29 12:19:24,317.45001220703125,319.7200012207031,320.1050109863281,317.2101135253906,1624828,0.72,GOOG
,2025-11-29 12:19:24,491.3399963378906,491.1449890136719,492.4200134277344,490.8900146484375,1045697,-0.04,MSFT
,2025-11-29 12:19:25,644.3699951171875,645.2999877929688,646.25,643.3300170898438,1048681,0.14,META
,2025-11-30 12:19:09,276.2449951171875,277.04998779296875,277.1600952148437,275.98651123046875,1791406,0.29,AAPL
,2025-11-30 12:19:10,231.9349975585937,232.10450744628903,232.8800048828125,231.8699951171875,2322322,0.07,AMZN
,2025-11-30 12:19:10,317.45001220703125,319.7200012207031,320.1050109863281,317.2101135253906,1624828,0.72,GOOG
,2025-11-30 12:19:10,644.3699951171875,645.2999877929688,646.25,643.3300170898438,1048681,0.14,META
,2025-11-30 12:19:10,491.3399963378906,491.1449890136719,492.4200134277344,490.8900146484375,1045697,-0.04,MSFT
,2025-12-01 12:22:06,276.2449951171875,277.04998779296875,277.1600952148437,275.98651123046875,1791406,0.29,AAPL
,2025-12-01 12:22:06,231.9349975585937,232.10450744628903,232.8800048828125,231.8699951171875,2322322,0.07,AMZN
,2025-12-01 12:22:06,317.45001220703125,319.7200012207031,320.1050109863281,317.2101135253906,1624828,0.72,GOOG
,2025-12-01 12:22:06,491.3399963378906,491.1449890136719,492.4200134277344,490.8900146484375,1045697,-0.04,MSFT
,2025-12-01 12:22:07,644.3699951171875,645.2999877929688,646.25,643.3300170898438,1048681,0.14,META
,2025-12-02 12:23:04,281.9200134277344,283.32000732421875,283.4100036621094,281.7300109863281,5357873,0.5,AAPL
,2025-12-02 12:23:04,234.4900054931641,233.9499969482422,234.5500030517578,233.3300018310547,2877925,-0.23,AMZN
,2025-12-02 12:23:04,316.69000244140625,315.2300109863281,316.75,314.0400085449219,2541283,-0.46,GOOG
,2025-12-02 12:23:04,641.2650146484375,640.9099731445312,642.4000244140625,639.6599731445312,999967,-0.06,META
,2025-12-02 12:23:04,487.80999755859375,486.8299865722656,488.1300048828125,485.6700134277344,1956383,-0.2,MSFT
,2025-12-03 12:22:28,286.239990234375,286.2300109863281,286.6099853515625,285.7099914550781,3132652,-0.0,AAPL
,2025-12-03 12:22:28,315.9599914550781,316.07000732421875,316.3099975585937,315.3099975585937,1187811,0.03,GOOG
,2025-12-03 12:22:28,490.2300109863281,490.05999755859375,490.8200073242188,488.5299987792969,1093944,-0.03,MSFT
,2025-12-03 12:22:29,235.5,234.3699951171875,235.6499938964844,234.2850036621093,2719153,-0.48,AMZN
,2025-12-03 12:22:29,647.0399780273438,647.0900268554688,647.8699951171875,646.260009765625,882700,0.01,META
,2025-12-04 12:23:03,284.54998779296875,284.1499938964844,284.70001220703125,283.5400085449219,0,-0.14,AAPL
,2025-12-04 12:23:03,232.6000061035156,232.3699951171875,232.76499938964844,232.2700042724609,2574866,-0.1,AMZN
,2025-12-04 12:23:03,321.739990234375,320.5400085449219,321.8070068359375,320.3699951171875,2631653,-0.37,GOOG
,2025-12-04 12:23:03,482.3349914550781,477.739990234375,482.4849853515625,477.55999755859375,3135949,-0.95,MSFT
,2025-12-04 12:23:04,644.0349731445312,639.739990234375,644.27001953125,638.5999755859375,1310744,-0.67,META
,2025-12-05 12:22:17,280.1199951171875,280.6499938964844,280.69000244140625,279.5799865722656,3165508,0.19,AAPL
,2025-12-05 12:22:18,228.7100067138672,229.1000061035156,229.259994506836,228.0,2721209,0.17,AMZN
,2025-12-05 12:22:18,317.9700012207031,318.3900146484375,318.44000244140625,317.5,1250120,0.13,GOOG
,2025-12-05 12:22:18,660.5499877929688,661.72998046875,662.8399047851562,660.1300048828125,10384349,0.18,META
,2025-12-05 12:22:18,479.5,480.8200073242188,480.9700012207031,479.2799987792969,1212123,0.28,MSFT
,2025-12-06 12:19:23,278.79998779296875,278.7900085449219,279.0249938964844,278.19000244140625,2719470,-0.0,AAPL
,2025-12-06 12:19:24,229.25,229.5500030517578,229.63999938964844,228.5469970703125,2699426,0.13,AMZN
,2025-12-06 12:19:24,321.07000732421875,322.0599975585937,322.3099975585937,320.9800109863281,1490325,0.31,GOOG
,2025-12-06 12:19:24,481.9500122070313,483.0299987792969,483.3399963378906,481.5199890136719,6424468,0.22,MSFT
,2025-12-06 12:19:25,672.7000122070312,673.4600219726562,673.7999877929688,671.719970703125,1167517,0.11,META
,2025-12-07 12:18:35,278.79998779296875,278.7900085449219,279.0249938964844,278.19000244140625,2719470,-0.0,AAPL
,2025-12-07 12:18:36,229.25,229.5500030517578,229.63999938964844,228.5469970703125,2699426,0.13,AMZN
,2025-12-07 12:18:36,321.07000732421875,322.0599975585937,322.3099975585937,320.9800109863281,1490325,0.31,GOOG
,2025-12-07 12:18:36,672.7000122070312,673.4600219726562,673.7999877929688,671.719970703125,1167517,0.11,META
,2025-12-07 12:18:36,481.9500122070313,483.0299987792969,483.3399963378906,481.5199890136719,6424468,0.22,MSFT
,2025-12-08 12:22:01,278.79998779296875,278.7900085449219,279.0249938964844,278.19000244140625,2719470,-0.0,AAPL
,2025-12-08 12:22:01,229.25,229.5500030517578,229.63999938964844,228.5469970703125,2699426,0.13,AMZN
,2025-12-08 12:22:01,321.07000732421875,322.0599975585937,322.3099975585937,320.9800109863281,1490325,0.31,GOOG
,2025-12-08 12:22:01,481.9500122070313,483.0299987792969,483.3399963378906,481.5199890136719,6424468,0.22,MSFT
,2025-12-08 12:22:02,672.7000122070312,673.4600219726562,673.7999877929688,671.719970703125,1167517,0.11,META
,2025-12-09 12:22:30,276.92999267578125,277.9599914550781,277.9849853515625,276.6600036621094,2613900,0.37,AAPL
,2025-12-09 12:22:30,226.97999572753903,226.9900054931641,227.1300048828125,226.2700042724609,3015249,0.0,AMZN
,2025-12-09 12:22:30,313.2650146484375,314.2900085449219,314.57000732421875,312.6400146484375,6086234,0.33,GOOG
,2025-12-09 12:22:30,668.2449951171875,667.030029296875,668.3499755859375,666.3699951171875,827687,-0.18,META
,2025-12-09 12:22:30,489.8900146484375,491.1199951171875,491.2000122070313,488.9700012207031,1521777,0.25,MSFT
,2025-12-10 12:22:34,277.864990234375,277.2300109863281,278.25,276.9200134277344,2737573,-0.23,AAPL
,2025-12-10 12:22:34,227.9100036621093,227.8999938964844,228.0800018310547,226.88999938964844,1498414,-0.0,AMZN
,2025-12-10 12:22:34,317.9200134277344,317.7900085449219,318.0199890136719,314.45001220703125,1170453,-0.04,GOOG
,2025-12-10 12:22:34,490.9549865722656,492.05999755859375,492.1000061035156,490.8200073242188,3546772,0.23,MSFT
,2025-12-10 12:22:35,656.3499755859375,656.8200073242188,666.7999877929688,655.5999755859375,774237,0.07,META
,2025-12-11 12:23:40,278.989990234375,278.7200012207031,279.3699951171875,278.5899963378906,2242651,-0.1,AAPL
,2025-12-11 12:23:40,320.5599975585937,320.8500061035156,321.8699951171875,320.489990234375,1865336,0.09,GOOG
,2025-12-11 12:23:40,478.1099853515625,478.5215148925781,479.4400024414063,476.6499938964844,3156115,0.09,MSFT
,2025-12-11 12:23:41,231.9149932861328,231.69000244140625,232.38699340820312,231.55499267578125,10520445,-0.1,AMZN
,2025-12-11 12:23:41,648.0399780273438,649.9299926757812,650.8800048828125,647.905029296875,1033356,0.29,META
,2025-12-12 12:22:15,278.0899963378906,278.0599975585937,278.2099914550781,277.4700012207031,1985352,-0.01,AAPL
,2025-12-12 12:22:15,229.7100067138672,230.2700042724609,230.3000030517578,229.3099975585937,2253506,0.24,AMZN
,2025-12-12 12:22:15,313.3399963378906,313.7099914550781,314.1099853515625,312.85009765625,1611593,0.12,GOOG
,2025-12-12 12:22:15,650.52001953125,652.780029296875,652.8699951171875,650.1500244140625,649752,0.35,META
,2025-12-12 12:22:15,484.3949890136719,483.6900024414063,484.3949890136719,482.3236083984375,1534951,-0.15,MSFT
,2025-12-13 12:19:46,278.04998779296875,278.3699951171875,278.5,276.94500732421875,2787871,0.12,AAPL
,2025-12-13 12:19:46,226.72000122070312,226.19000244140625,226.7550048828125,225.7783050537109,2808944,-0.23,AMZN
,2025-12-13 12:19:46,310.82000732421875,310.510009765625,310.92999267578125,309.5,1398728,-0.1,GOOG
,2025-12-13 12:19:46,645.4600219726562,644.239990234375,645.8200073242188,642.5999755859375,982613,-0.19,META
,2025-12-13 12:19:46,478.25,478.4700012207031,478.9500122070313,477.3500061035156,1603990,0.05,MSFT
,2025-12-14 12:19:32,278.04998779296875,278.3699951171875,278.5,276.94500732421875,2787871,0.12,AAPL
,2025-12-14 12:19:33,226.72000122070312,226.19000244140625,226.7550048828125,225.7783050537109,2808944,-0.23,AMZN
,2025-12-14 12:19:33,310.82000732421875,310.510009765625,310.92999267578125,309.5,1398728,-0.1,GOOG
,2025-12-14 12:19:33,645.4600219726562,644.239990234375,645.8200073242188,642.5999755859375,982613,-0.19,META
,2025-12-14 12:19:33,478.25,478.4700012207031,478.9500122070313,477.3500061035156,1603990,0.05,MSFT
,2025-12-15 12:24:02,278.04998779296875,278.3699951171875,278.5,276.94500732421875,2787871,0.12,AAPL
,2025-12-15 12:24:02,226.72000122070312,226.19000244140625,226.7550048828125,225.7783050537109,2808944,-0.23,AMZN
,2025-12-15 12:24:02,310.82000732421875,310.510009765625,310.92999267578125,309.5,1398728,-0.1,GOOG
,2025-12-15 12:24:02,645.4600219726562,644.239990234375,645.8200073242188,642.5999755859375,982613,-0.19,META
,2025-12-15 12:24:02,478.25,478.4700012207031,478.9500122070313,477.3500061035156,1603990,0.05,MSFT
,2025-12-16 12:23:17,273.8099975585937,274.114990234375,274.7200012207031,273.5199890136719,4104430,0.11,AAPL
,2025-12-16 12:23:17,474.6600036621094,474.8200073242188,476.4800109863281,474.4150085449219,5631677,0.03,MSFT
,2025-12-16 12:23:18,222.69000244140625,222.5500030517578,222.7465057373047,221.8800048828125,4197984,-0.06,AMZN
,2025-12-16 12:23:18,309.3599853515625,309.3389892578125,309.54998779296875,308.4700012207031,1135451,-0.01,GOOG
,2025-12-16 12:23:18,651.0499877929688,647.5,653.0,647.125,1323739,-0.55,META
,2025-12-17 12:22:40,274.54998779296875,274.4700012207031,275.5,274.45001220703125,2361847,-0.03,AAPL
,2025-12-17 12:22:40,222.6499938964844,222.52999877929688,223.3000030517578,222.4900054931641,2264588,-0.05,AMZN
,2025-12-17 12:22:40,307.010009765625,307.5799865722656,308.19000244140625,307.010009765625,1455848,0.19,GOOG
,2025-12-17 12:22:40,658.844970703125,657.1599731445312,662.52001953125,657.1099853515625,1455221,-0.26,META
,2025-12-17 12:22:40,476.5499877929688,476.239990234375,477.8900146484375,476.0574951171875,1442659,-0.07,MSFT
,2025-12-18 12:22:17,273.6700134277344,271.8599853515625,273.8699951171875,271.69000244140625,5130736,-0.66,AAPL
,2025-12-18 12:22:17,222.02999877929688,221.24099731445312,222.22000122070312,221.19000244140625,2997698,-0.36,AMZN
,2025-12-18 12:22:17,298.1499938964844,298.04998779296875,298.94000244140625,297.45001220703125,1844727,-0.03,GOOG
,2025-12-18 12:22:17,478.2200012207031,476.0750122070313,478.8399963378906,476.0,2428450,-0.45,MSFT
,2025-12-18 12:22:18,653.6400146484375,649.47998046875,654.7000122070312,649.2000122070312,1157955,-0.64,META
,2025-12-19 12:21:18,271.8500061035156,272.1600036621094,273.20001220703125,271.7850036621094,2956766,0.11,AAPL
,2025-12-19 12:21:18,303.8299865722656,303.70001220703125,304.44000244140625,303.4700012207031,1087301,-0.04,GOOG
,2025-12-19 12:21:18,484.6099853515625,483.8800048828125,486.0199890136719,483.8500061035156,1427741,-0.15,MSFT
,2025-12-19 12:21:19,226.7700042724609,226.759994506836,227.3099975585937,226.6600036621093,2211519,-0.0,AMZN
,2025-12-19 12:21:19,664.47998046875,664.3800048828125,666.5399780273438,663.8800048828125,1136131,-0.02,META
,2025-12-20 12:19:21,270.8099975585937,273.6700134277344,274.5762939453125,269.8999938964844,8193309,1.06,AAPL
,2025-12-20 12:19:21,228.6499938964844,227.3699951171875,229.125,226.72999572753903,4780006,-0.56,AMZN
,2025-12-20 12:19:21,305.7699890136719,308.6000061035156,308.9800109863281,305.1400146484375,2788820,0.93,GOOG
,2025-12-20 12:19:21,482.9100036621094,486.05999755859375,487.1499938964844,482.489990234375,3360694,0.65,MSFT
,2025-12-20 12:19:22,666.4000244140625,658.7899780273438,669.5399780273438,658.1799926757812,2420255,-1.14,META
,2025-12-21 12:19:40,270.8099975585937,273.6700134277344,274.5762939453125,269.8999938964844,8193309,1.06,AAPL
,2025-12-21 12:19:40,228.6499938964844,227.3699951171875,229.125,226.72999572753903,4780006,-0.56,AMZN
,2025-12-21 12:19:40,305.7699890136719,308.6000061035156,308.9800109863281,305.1400146484375,2788820,0.93,GOOG
,2025-12-21 12:19:40,666.4000244140625,658.7899780273438,669.5399780273438,658.1799926757812,2420255,-1.14,META
,2025-12-21 12:19:40,482.9100036621094,486.05999755859375,487.1499938964844,482.489990234375,3360694,0.65,MSFT
,2025-12-22 12:22:59,270.8099975585937,273.6700134277344,274.5762939453125,269.8999938964844,8193309,1.06,AAPL
,2025-12-22 12:22:59,228.6499938964844,227.3699951171875,229.125,226.72999572753903,4780006,-0.56,AMZN
,2025-12-22 12:22:59,305.7699890136719,308.6000061035156,308.9800109863281,305.1400146484375,2788820,0.93,GOOG
,2025-12-22 12:22:59,666.4000244140625,658.7899780273438,669.5399780273438,658.1799926757812,2420255,-1.14,META
,2025-12-22 12:22:59,482.9100036621094,486.05999755859375,487.1499938964844,482.489990234375,3360694,0.65,MSFT
,2025-12-23 12:22:20,270.7149963378906,270.82000732421875,271.19989013671875,270.5050048828125,2599971,0.04,AAPL
,2025-12-23 12:22:20,228.83999633789065,228.44000244140625,229.47999572753903,228.32000732421875,2861548,-0.17,AMZN
,2025-12-23 12:22:20,311.32000732421875,311.3399963378906,311.70001220703125,311.0899963378906,968648,0.01,GOOG
,2025-12-23 12:22:20,660.9849853515625,661.2999877929688,662.0999755859375,660.6799926757812,812350,0.05,META
,2025-12-23 12:22:20,484.9700012207031,484.8500061035156,485.3800048828125,484.3699951171875,1200081,-0.02,MSFT
,2025-12-24 12:21:49,272.1000061035156,272.239990234375,272.45001220703125,271.8399963378906,2287709,0.05,AAPL
,2025-12-24 12:21:49,232.2100067138672,232.1199951171875,232.27999877929688,231.9199981689453,8218043,-0.04,AMZN
,2025-12-24 12:21:49,316.1600036621094,315.7099914550781,316.16461181640625,315.3999938964844,910979,-0.14,GOOG
,2025-12-24 12:21:49,665.4400024414062,664.7000122070312,665.8800048828125,663.5,736127,-0.11,META
,2025-12-24 12:21:49,487.2650146484375,486.5,487.5,486.4500122070313,1101226,-0.16,MSFT
,2025-12-25 12:21:38,274.8599853515625,275.3599853515625,275.42999267578125,274.8299865722656,2055154,0.18,AAPL
,2025-12-25 12:21:38,315.010009765625,314.79998779296875,315.4200134277344,314.6199951171875,696021,-0.07,GOOG
,2025-12-25 12:21:38,488.4500122070313,488.6099853515625,489.1625061035156,488.25,905891,0.03,MSFT
,2025-12-25 12:21:39,232.5399932861328,232.8099975585937,232.9499969482422,232.47999572753903,1280151,0.12,AMZN
,2025-12-25 12:21:39,666.5800170898438,667.239990234375,667.75,665.9600219726562,554652,0.1,META
,2025-12-26 12:21:32,274.8599853515625,275.3599853515625,275.42999267578125,274.8299865722656,2055154,0.18,AAPL
,2025-12-26 12:21:32,232.5399932861328,232.8099975585937,232.9499969482422,232.47999572753903,1280151,0.12,AMZN
,2025-12-26 12:21:32,315.010009765625,314.79998779296875,315.4200134277344,314.6199951171875,696021,-0.07,GOOG
,2025-12-26 12:21:32,488.4500122070313,488.6099853515625,489.1625061035156,488.25,905891,0.03,MSFT
,2025-12-26 12:21:33,666.5800170898438,667.239990234375,667.75,665.9600219726562,554652,0.1,META
,2025-12-27 12:20:04,273.9800109863281,273.25,273.989990234375,272.8699951171875,2563251,-0.27,AAPL
,2025-12-27 12:20:04,232.8000030517578,232.5,232.884994506836,232.42999267578125,1506664,-0.13,AMZN
,2025-12-27 12:20:04,314.9840087890625,314.9599914550781,315.17999267578125,314.7113037109375,608242,-0.01,GOOG
,2025-12-27 12:20:04,662.1699829101562,663.2100219726562,663.989990234375,662.1199951171875,603502,0.16,META
,2025-12-27 12:20:04,487.2300109863281,487.7850036621094,487.8800048828125,487.1099853515625,712739,0.11,MSFT
,2025-12-28 12:20:17,273.9800109863281,273.25,273.989990234375,272.8699951171875,2563251,-0.27,AAPL
,2025-12-28 12:20:17,232.8000030517578,232.5,232.884994506836,232.42999267578125,1506664,-0.13,AMZN
,2025-12-28 12:20:17,314.9840087890625,314.9599914550781,315.17999267578125,314.7113037109375,608242,-0.01,GOOG
,2025-12-28 12:20:17,662.1699829101562,663.2100219726562,663.989990234375,662.1199951171875,603502,0.16,META
,2025-12-28 12:20:17,487.2300109863281,487.7850036621094,487.8800048828125,487.1099853515625,712739,0.11,MSFT
,2025-12-29 12:23:26,273.9800109863281,273.25,273.989990234375,272.8699951171875,2563251,-0.27,AAPL
,2025-12-29 12:23:26,232.8000030517578,232.5,232.884994506836,232.42999267578125,1506664,-0.13,AMZN
,2025-12-29 12:23:26,314.9840087890625,314.9599914550781,315.17999267578125,314.7113037109375,608242,-0.01,GOOG
,2025-12-29 12:23:26,662.1699829101562,663.2100219726562,663.989990234375,662.1199951171875,603502,0.16,META
,2025-12-29 12:23:26,487.2300109863281,487.7850036621094,487.8800048828125,487.1099853515625,712739,0.11,MSFT
,2025-12-30 12:22:26,273.9100036621094,273.79901123046875,273.94000244140625,273.4599914550781,1452813,-0.04,AAPL
,2025-12-30 12:22:26,232.08999633789065,232.0800018310547,232.38999938964844,231.8999938964844,1417358,-0.0,AMZN
,2025-12-30 12:22:26,314.32000732421875,314.3800048828125,314.7300109863281,314.1300048828125,3980055,0.02,GOOG
,2025-12-30 12:22:26,659.5399780273438,658.5499877929688,659.8099975585938,658.3200073242188,486363,-0.15,META
,2025-12-30 12:22:26,487.0700073242188,487.10101318359375,487.3150024414063,486.3999938964844,2713923,0.01,MSFT
,2025-12-31 12:22:06,273.1600036621094,272.989990234375,273.2550048828125,272.739990234375,2121973,-0.06,AAPL
,2025-12-31 12:22:06,231.75,232.48989868164065,232.7700042724609,231.75,2410712,0.32,AMZN
,2025-12-31 12:22:06,315.2900085449219,314.54998779296875,315.3399963378906,314.5,1017070,-0.23,GOOG
,2025-12-31 12:22:06,487.8049926757813,487.5499877929688,488.6600036621094,487.4299926757813,1213290,-0.05,MSFT
,2025-12-31 12:22:07,666.989990234375,665.9099731445312,667.1199951171875,665.5499877929688,2981323,-0.16,META
,2026-01-01 12:22:13,272.0899963378906,271.8399963378906,272.75,271.75,2509865,-0.09,AAPL
,2026-01-01 12:22:13,483.4800109863281,483.6499938964844,484.4400024414063,483.2999877929688,1251465,0.04,MSFT
,2026-01-01 12:22:14,230.7899932861328,230.83999633789065,231.23980712890625,230.6999969482422,1767594,0.02,AMZN
,2026-01-01 12:22:14,313.6000061035156,313.79010009765625,314.4100036621094,313.29998779296875,995569,0.06,GOOG
,2026-01-01 12:22:14,660.1199951171875,659.9000244140625,661.27001953125,659.4400024414062,744764,-0.03,META
,2026-01-02 12:21:30,272.0899963378906,271.8399963378906,272.75,271.75,2509865,-0.09,AAPL
,2026-01-02 12:21:31,230.7899932861328,230.83999633789065,231.23980712890625,230.6999969482422,1767594,0.02,AMZN
,2026-01-02 12:21:31,313.6000061035156,313.79010009765625,314.4100036621094,313.29998779296875,995569,0.06,GOOG
,2026-01-02 12:21:31,660.1199951171875,659.9000244140625,661.27001953125,659.4400024414062,744764,-0.03,META
,2026-01-02 12:21:31,483.4800109863281,483.6499938964844,484.4400024414063,483.2999877929688,1251465,0.04,MSFT
,2026-01-03 12:20:01,270.5299987792969,270.9800109863281,271.04998779296875,270.3500061035156,2650904,0.17,AAPL
,2026-01-03 12:20:01,226.47999572753903,226.5,226.7368011474609,226.0,2811675,0.01,AMZN
,2026-01-03 12:20:01,315.4800109863281,315.32000732421875,315.510009765625,314.5400085449219,1199916,-0.05,GOOG
,2026-01-03 12:20:01,651.4199829101562,650.739990234375,651.9000244140625,649.7000122070312,833875,-0.1,META
,2026-01-03 12:20:01,472.510009765625,472.9299926757813,473.0,471.2300109863281,2054665,0.09,MSFT
,2026-01-04 12:20:33,270.5299987792969,270.9800109863281,271.04998779296875,270.3500061035156,2650904,0.17,AAPL
,2026-01-04 12:20:33,315.4800109863281,315.32000732421875,315.510009765625,314.5400085449219,1199916,-0.05,GOOG
,2026-01-04 12:20:33,472.510009765625,472.9299926757813,473.0,471.2300109863281,2054665,0.09,MSFT
,2026-01-04 12:20:34,226.47999572753903,226.5,226.7368011474609,226.0,2811675,0.01,AMZN
,2026-01-04 12:20:34,651.4199829101562,650.739990234375,651.9000244140625,649.7000122070312,833875,-0.1,META
,2026-01-05 12:23:58,270.5299987792969,270.9800109863281,271.04998779296875,270.3500061035156,2650904,0.17,AAPL
,2026-01-05 12:23:58,226.47999572753903,226.5,226.7368011474609,226.0,2811675,0.01,AMZN
,2026-01-05 12:23:58,315.4800109863281,315.32000732421875,315.510009765625,314.5400085449219,1199916,-0.05,GOOG
,2026-01-05 12:23:58,472.510009765625,472.9299926757813,473.0,471.2300109863281,2054665,0.09,MSFT
,2026-01-05 12:23:59,651.4199829101562,650.739990234375,651.9000244140625,649.7000122070312,833875,-0.1,META
,2026-01-06 12:23:34,267.0299987792969,267.260009765625,267.739990234375,266.45001220703125,2894622,0.09,AAPL
,2026-01-06 12:23:35,232.63999938964844,233.0500030517578,233.1750030517578,232.27999877929688,2917600,0.18,AMZN
,2026-01-06 12:23:35,316.2149963378906,317.3800048828125,317.4200134277344,316.19500732421875,1186809,0.37,GOOG
,2026-01-06 12:23:35,660.5,658.7999877929688,661.2598876953125,658.1099853515625,757521,-0.26,META
,2026-01-06 12:23:35,473.7124938964844,472.9200134277344,474.5,472.0400085449219,1899395,-0.17,MSFT
,2026-01-07 12:23:58,262.8299865722656,262.42498779296875,262.9601135253906,262.3999938964844,2355864,-0.15,AAPL
,2026-01-07 12:23:58,240.8500061035156,241.05499267578125,241.72999572753903,240.6600036621093,2257972,0.09,AMZN
,2026-01-07 12:23:58,313.610107421875,314.3900146484375,314.5,313.29998779296875,883360,0.25,GOOG
,2026-01-07 12:23:58,477.1570129394531,478.0700073242188,478.4800109863281,476.8699951171875,891428,0.19,MSFT
,2026-01-07 12:23:59,659.7000122070312,660.4600219726562,660.7000122070312,659.0050048828125,517878,0.12,META
,2026-01-08 12:23:57,261.3299865722656,260.3599853515625,261.3299865722656,259.82000732421875,4547876,-0.37,AAPL
,2026-01-08 12:23:57,242.57000732421875,241.5599975585937,242.6600036621093,241.5207977294922,2685812,-0.42,AMZN
,2026-01-08 12:23:57,322.4599914550781,322.4599914550781,322.5585021972656,321.3500061035156,1426698,0.0,GOOG
,2026-01-08 12:23:57,484.5199890136719,483.4700012207031,484.55999755859375,483.0199890136719,1505080,-0.22,MSFT
,2026-01-08 12:23:58,649.3300170898438,648.6599731445312,649.8200073242188,648.02001953125,870870,-0.1,META
,2026-01-09 12:23:02,258.2799987792969,259.0599975585937,259.2799987792969,257.9601135253906,3213685,0.3,AAPL
,2026-01-09 12:23:02,245.8099975585937,246.25900268554688,246.4100036621093,245.3699951171875,3376554,0.18,AMZN
,2026-01-09 12:23:02,325.8599853515625,325.9700012207031,326.29998779296875,325.4800109863281,1342144,0.03,GOOG
,2026-01-09 12:23:02,644.8699951171875,645.9099731445312,647.1019897460938,644.844970703125,682161,0.16,META
,2026-01-09 12:23:02,478.239990234375,478.0400085449219,478.8599853515625,477.5,1271896,-0.04,MSFT
,2026-01-10 12:20:03,259.95001220703125,259.3500061035156,260.05499267578125,258.95001220703125,2303687,-0.23,AAPL
,2026-01-10 12:20:03,246.9900054931641,247.3500061035156,247.8600006103516,246.8500061035156,2716803,0.15,AMZN
,2026-01-10 12:20:03,330.2149963378906,329.1499938964844,330.5599975585937,329.1199951171875,1026868,-0.32,GOOG
,2026-01-10 12:20:03,651.8834838867188,653.0399780273438,654.2999877929688,651.7100219726562,795975,0.18,META
,2026-01-10 12:20:03,479.55999755859375,479.2000122070313,479.8200073242188,478.8900146484375,1077870,-0.08,MSFT
,2026-01-11 12:20:44,259.95001220703125,259.3500061035156,260.05499267578125,258.95001220703125,2303687,-0.23,AAPL
,2026-01-11 12:20:44,246.9900054931641,247.3500061035156,247.8600006103516,246.8500061035156,2716803,0.15,AMZN
,2026-01-11 12:20:44,330.2149963378906,329.1499938964844,330.5599975585937,329.1199951171875,1026868,-0.32,GOOG
,2026-01-11 12:20:44,651.8834838867188,653.0399780273438,654.2999877929688,651.7100219726562,795975,0.18,META
,2026-01-11 12:20:44,479.55999755859375,479.2000122070313,479.8200073242188,478.8900146484375,1077870,-0.08,MSFT
,2026-01-12 12:25:00,259.95001220703125,259.3500061035156,260.05499267578125,258.95001220703125,2303687,-0.23,AAPL
,2026-01-12 12:25:00,246.9900054931641,247.3500061035156,247.8600006103516,246.8500061035156,2716803,0.15,AMZN
,2026-01-12 12:25:00,330.2149963378906,329.1499938964844,330.5599975585937,329.1199951171875,1026868,-0.32,GOOG
,2026-01-12 12:25:00,651.8834838867188,653.0399780273438,654.2999877929688,651.7100219726562,795975,0.18,META
,2026-01-12 12:25:00,479.55999755859375,479.2000122070313,479.8200073242188,478.8900146484375,1077870,-0.08,MSFT
,2026-01-13 12:23:53,260.9599914550781,260.2099914550781,261.1300048828125,260.010009765625,2380012,-0.29,AAPL
,2026-01-13 12:23:53,247.009994506836,246.4199981689453,247.3000030517578,245.9600067138672,11489227,-0.24,AMZN
,2026-01-13 12:23:53,331.5899963378906,332.7272033691406,333.0050048828125,331.4100952148437,1650601,0.34,GOOG
,2026-01-13 12:23:53,647.010009765625,642.0499877929688,648.25,641.2249755859375,1852364,-0.77,META
,2026-01-13 12:23:53,479.2300109863281,477.1900024414063,479.2300109863281,476.7000122070313,1711089,-0.43,MSFT
,2026-01-14 12:23:18,259.010009765625,261.04998779296875,261.20001220703125,258.8399963378906,12843144,0.79,AAPL
,2026-01-14 12:23:19,468.239990234375,470.7200012207031,471.0,467.4249877929688,2203688,0.53,MSFT
,2026-01-14 12:23:20,242.1100006103516,242.6100006103516,242.8999938964844,241.4499969482422,2301852,0.21,AMZN
,2026-01-14 12:23:20,336.0400085449219,336.42999267578125,336.5199890136719,335.1300048828125,6502972,0.12,GOOG
,2026-01-14 12:23:20,628.0499877929688,630.97998046875,631.1699829101562,627.9600219726562,1069846,0.47,META
,2026-01-15 12:23:09,259.9800109863281,259.95001220703125,260.6000061035156,258.6841125488281,14485668,-0.01,AAPL
,2026-01-15 12:23:09,237.4199981689453,236.6750030517578,237.7899932861328,236.2400054931641,3809421,-0.31,AMZN
,2026-01-15 12:23:09,335.6499938964844,336.3699951171875,337.0199890136719,335.57000732421875,1274789,0.21,GOOG
,2026-01-15 12:23:09,458.2900085449219,459.3800048828125,459.8599853515625,457.75,3150988,0.24,MSFT
,2026-01-15 12:23:10,617.8900146484375,615.3499755859375,618.9199829101562,614.8150024414062,5123288,-0.41,META
,2026-01-16 12:22:30,257.6575012207031,258.3299865722656,258.3800048828125,257.1099853515625,2733911,0.26,AAPL
,2026-01-16 12:22:30,456.6600036621094,456.9100036621094,456.9500122070313,456.0299987792969,1609744,0.05,MSFT
,2026-01-16 12:22:31,237.46499633789065,238.1699981689453,238.3350067138672,237.0,2540196,0.3,AMZN
,2026-01-16 12:22:31,332.4049987792969,333.1300048828125,333.5299987792969,332.04998779296875,5399523,0.22,GOOG
,2026-01-16 12:22:31,618.4400024414062,620.9299926757812,622.6500244140625,618.1701049804688,871312,0.4,META
,2026-01-17 12:19:41,256.1700134277344,255.47999572753903,256.4725036621094,255.1300048828125,3511559,-0.27,AAPL
,2026-01-17 12:19:42,238.22000122070312,239.0599975585937,239.38999938964844,238.0,2413421,0.35,AMZN
,2026-01-17 12:19:42,330.1099853515625,330.42999267578125,330.6700134277344,329.4700012207031,1322471,0.1,GOOG
,2026-01-17 12:19:42,622.9099731445312,620.25,622.9099731445312,620.0900268554688,919678,-0.43,META
,2026-01-17 12:19:42,461.1900024414063,459.8699951171875,461.5599060058594,459.4200134277344,6609817,-0.29,MSFT
,2026-01-18 12:20:16,256.1700134277344,255.47999572753903,256.4725036621094,255.1300048828125,3511559,-0.27,AAPL
,2026-01-18 12:20:16,238.22000122070312,239.0599975585937,239.38999938964844,238.0,2413421,0.35,AMZN
,2026-01-18 12:20:16,330.1099853515625,330.42999267578125,330.6700134277344,329.4700012207031,1322471,0.1,GOOG
,2026-01-18 12:20:16,461.1900024414063,459.8699951171875,461.5599060058594,459.4200134277344,6609817,-0.29,MSFT
,2026-01-18 12:20:17,622.9099731445312,620.25,622.9099731445312,620.0900268554688,919678,-0.43,META
,2026-01-19 12:25:12,256.1700134277344,255.47999572753903,256.4725036621094,255.1300048828125,3511559,-0.27,AAPL
,2026-01-19 12:25:12,238.22000122070312,239.0599975585937,239.38999938964844,238.0,2413421,0.35,AMZN
,2026-01-19 12:25:12,330.1099853515625,330.42999267578125,330.6700134277344,329.4700012207031,1322471,0.1,GOOG
,2026-01-19 12:25:12,461.1900024414063,459.8699951171875,461.5599060058594,459.4200134277344,6609817,-0.29,MSFT
,2026-01-19 12:25:13,622.9099731445312,620.25,622.9099731445312,620.0900268554688,919678,-0.43,META
,2026-01-20 12:24:56,256.1700134277344,255.47999572753903,256.4725036621094,255.1300048828125,3511559,-0.27,AAPL
,2026-01-20 12:24:56,238.22000122070312,239.0599975585937,239.38999938964844,238.0,2413421,0.35,AMZN
,2026-01-20 12:24:56,330.1099853515625,330.42999267578125,330.6700134277344,329.4700012207031,1322471,0.1,GOOG
,2026-01-20 12:24:56,622.9099731445312,620.25,622.9099731445312,620.0900268554688,919678,-0.43,META
,2026-01-20 12:24:56,461.1900024414063,459.8699951171875,461.5599060058594,459.4200134277344,6609817,-0.29,MSFT
,2026-01-21 12:25:21,245.4600067138672,246.67999267578125,246.92999267578125,243.4199981689453,10058590,0.5,AAPL
,2026-01-21 12:25:22,230.63999938964844,231.1100006103516,231.1199951171875,230.2100067138672,3184001,0.2,AMZN
,2026-01-21 12:25:22,322.2449951171875,322.17999267578125,322.5199890136719,321.2200012207031,3310305,-0.02,GOOG
,2026-01-21 12:25:22,604.239990234375,604.6699829101562,604.77001953125,602.4600219726562,1282166,0.07,META
,2026-01-21 12:25:22,454.7799987792969,454.6600036621094,455.3200073242188,453.6099853515625,1597753,-0.03,MSFT
,2026-01-22 12:25:22,248.38999938964844,247.6300048828125,248.5800018310547,246.83999633789065,4345116,-0.31,AAPL
,2026-01-22 12:25:22,230.5599975585937,231.3500061035156,231.75,230.1999969482422,2916202,0.34,AMZN
,2026-01-22 12:25:22,328.9200134277344,328.4700012207031,329.19000244140625,327.8500061035156,1904450,-0.14,GOOG
,2026-01-22 12:25:22,613.439697265625,613.0499877929688,616.0,611.7000122070312,931691,-0.06,META
,2026-01-22 12:25:22,443.6037902832031,444.1499938964844,444.3599853515625,442.260009765625,2430497,0.12,MSFT
,2026-01-23 12:24:34,248.33999633789065,248.33999633789065,248.9199981689453,248.17999267578125,2783413,0.0,AAPL
,2026-01-23 12:24:34,450.3900146484375,451.2099914550781,451.489990234375,449.6600036621094,1565895,0.18,MSFT
,2026-01-23 12:24:35,233.9600067138672,234.2899932861328,234.36990356445312,233.63999938964844,1729380,0.14,AMZN
,2026-01-23 12:24:35,329.7200012207031,330.79998779296875,332.13250732421875,328.885009765625,8169616,0.33,GOOG
,2026-01-23 12:24:35,646.030029296875,647.7999877929688,648.22998046875,644.47998046875,1473523,0.27,META
,2026-01-24 12:20:30,248.19000244140625,247.97000122070312,248.8500061035156,247.7449951171875,2635711,-0.09,AAPL
,2026-01-24 12:20:30,467.6900024414063,465.8500061035156,468.6799011230469,465.6499938964844,3041434,-0.39,MSFT
,2026-01-24 12:20:31,239.27999877929688,239.19000244140625,239.44500732421875,238.57000732421875,2372509,-0.04,AMZN
,2026-01-24 12:20:31,328.6400146484375,328.42999267578125,328.9100036621094,328.0,1309851,-0.06,GOOG
,2026-01-24 12:20:31,662.0469970703125,658.75,662.1799926757812,657.5,1478185,-0.5,META
,2026-01-25 12:21:41,248.19000244140625,247.97000122070312,248.8500061035156,247.7449951171875,2635794,-0.09,AAPL
,2026-01-25 12:21:41,467.6900024414063,465.8500061035156,468.6799011230469,465.6499938964844,3041434,-0.39,MSFT
,2026-01-25 12:21:42,239.27999877929688,239.19000244140625,239.44500732421875,238.57000732421875,2372509,-0.04,AMZN
,2026-01-25 12:21:42,328.6400146484375,328.42999267578125,328.9100036621094,328.0,1309851,-0.06,GOOG
,2026-01-25 12:21:42,662.0469970703125,658.75,662.1799926757812,657.5,1478185,-0.5,META
,2026-01-26 12:25:22,248.19000244140625,247.97000122070312,248.8500061035156,247.7449951171875,2635711,-0.09,AAPL
,2026-01-26 12:25:23,239.27999877929688,239.19000244140625,239.44500732421875,238.57000732421875,2372509,-0.04,AMZN
,2026-01-26 12:25:23,328.6400146484375,328.42999267578125,328.9100036621094,328.0,1309851,-0.06,GOOG
,2026-01-26 12:25:23,662.0469970703125,658.75,662.1799926757812,657.5,1478185,-0.5,META
,2026-01-26 12:25:23,467.6900024414063,465.9299926757813,468.6799011230469,465.6499938964844,3041756,-0.38,MSFT
,2026-01-27 12:24:57,255.72999572753903,255.4199981689453,255.9900054931641,254.8999938964844,14219113,-0.12,AAPL
,2026-01-27 12:24:57,239.1999969482422,238.4199981689453,239.5800018310547,238.1849975585937,2595906,-0.33,AMZN
,2026-01-27 12:24:57,334.3299865722656,333.6000061035156,334.6099853515625,333.3399963378906,1253191,-0.22,GOOG
,2026-01-27 12:24:57,674.0,672.3200073242188,674.239990234375,671.9000244140625,1055397,-0.25,META
,2026-01-27 12:24:57,471.8974914550781,470.3599853515625,472.9299926757813,469.9500122070313,2077189,-0.33,MSFT
,2026-01-28 12:26:15,259.385009765625,258.2799987792969,259.67498779296875,258.2099914550781,2715151,-0.43,AAPL
,2026-01-28 12:26:16,244.0399932861328,244.6699981689453,244.8500061035156,243.82000732421875,12753981,0.26,AMZN
,2026-01-28 12:26:16,335.7900085449219,334.9800109863281,335.79998779296875,334.6000061035156,1307814,-0.24,GOOG
,2026-01-28 12:26:16,675.4500122070312,672.969970703125,676.52001953125,672.5399780273438,1023026,-0.37,META
,2026-01-28 12:26:16,480.5799865722656,480.5799865722656,481.3800048828125,480.2000122070313,1910301,0.0,MSFT
,2026-01-29 12:30:47,256.4599914550781,256.44000244140625,256.8999938964844,255.92999267578125,3092338,-0.01,AAPL
,2026-01-29 12:30:47,243.1000061035156,243.0200042724609,243.759994506836,242.88999938964844,11365088,-0.03,AMZN
,2026-01-29 12:30:47,337.0799865722656,336.2799987792969,337.6300048828125,335.9599914550781,5009536,-0.24,GOOG
,2026-01-29 12:30:47,671.1900024414062,668.8599853515625,672.8599853515625,666.1199951171875,1778456,-0.35,META
,2026-01-29 12:30:47,479.7799987792969,481.7200012207031,483.3299865722656,479.2099914550781,3132276,0.4,MSFT
,2026-01-30 12:30:01,258.3099975585937,258.17498779296875,259.3500061035156,257.75,5837763,-0.05,AAPL
,2026-01-30 12:30:01,335.3399963378906,338.54998779296875,339.489990234375,334.8900146484375,2948313,0.96,GOOG
,2026-01-30 12:30:01,427.3450012207031,433.4800109863281,433.489990234375,427.2000122070313,9830916,1.44,MSFT
,2026-01-30 12:30:02,239.9900054931641,241.67999267578125,241.9600067138672,239.1699981689453,4401459,0.7,AMZN
,2026-01-30 12:30:02,736.989990234375,738.5,741.0,735.1099853515625,2918459,0.2,META
,2026-01-31 12:22:56,259.9200134277344,259.4800109863281,261.739990234375,258.0,14975380,-0.17,AAPL
,2026-01-31 12:22:57,239.9600067138672,239.259994506836,240.1000061035156,237.63999938964844,5928084,-0.29,AMZN
,2026-01-31 12:22:57,338.0799865722656,338.6400146484375,339.9100036621094,337.5,3026538,0.17,GOOG
,2026-01-31 12:22:57,715.4600219726562,716.4400024414062,718.2100219726562,714.5,3460752,0.14,META
,2026-01-31 12:22:57,427.2699890136719,430.3900146484375,430.4200134277344,427.1900024414063,5543077,0.73,MSFT
,2026-02-01 12:24:50,259.9200134277344,259.4800109863281,261.739990234375,258.0,14975380,-0.17,AAPL
,2026-02-01 12:24:51,239.9600067138672,239.259994506836,240.1000061035156,237.63999938964844,5928084,-0.29,AMZN
,2026-02-01 12:24:51,338.0799865722656,338.6400146484375,339.9100036621094,337.5,3026538,0.17,GOOG
,2026-02-01 12:24:51,715.4600219726562,716.4400024414062,718.2100219726562,714.5,3460752,0.14,META
,2026-02-01 12:24:51,427.2699890136719,430.3900146484375,430.4200134277344,427.1900024414063,5543077,0.73,MSFT
,2026-02-02 12:32:55,259.9200134277344,259.4800109863281,261.89990234375,258.0,9402318,-0.17,AAPL
,2026-02-02 12:32:55,338.0799865722656,338.6400146484375,340.04998779296875,337.5,2341878,0.17,GOOG
,2026-02-02 12:32:55,427.2699890136719,430.3900146484375,430.4200134277344,427.1900024414063,3745683,0.73,MSFT
,2026-02-02 12:32:56,239.9600067138672,239.259994506836,240.13409423828125,237.63999938964844,16743720,-0.29,AMZN
,2026-02-02 12:32:56,715.4600219726562,716.4400024414062,718.8300170898438,714.5,1728773,0.14,META
,2026-02-03 12:33:35,268.9750061035156,269.9599914550781,270.489990234375,268.8399963378906,6031354,0.37,AAPL
,2026-02-03 12:33:35,344.510009765625,344.8999938964844,345.0,344.0249938964844,2083528,0.11,GOOG
,2026-02-03 12:33:35,424.2149963378906,423.30999755859375,424.7999877929688,423.1400146484375,2808702,-0.21,MSFT
,2026-02-03 12:33:36,242.9499969482422,242.9409942626953,243.3800048828125,242.5599975585937,2671065,-0.0,AMZN
,2026-02-03 12:33:36,709.9500122070312,706.4199829101562,710.0750122070312,706.219970703125,1031896,-0.5,META
,2026-02-04 12:33:50,269.2149963378906,269.4599914550781,270.04998779296875,268.8399963378906,3048085,0.09,AAPL
,2026-02-04 12:33:50,237.3800048828125,238.63299560546875,238.8300018310547,237.3800048828125,3009409,0.53,AMZN
,2026-02-04 12:33:50,340.4100036621094,340.70001220703125,341.489990234375,340.1400146484375,1461117,0.09,GOOG
,2026-02-04 12:33:50,687.47998046875,691.6300048828125,692.1599731445312,687.3800048828125,959931,0.6,META
,2026-02-04 12:33:50,409.6700134277344,411.2900085449219,411.3500061035156,409.0140075683594,3719015,0.4,MSFT
,2026-02-05 12:35:03,277.6099853515625,276.4599914550781,278.95001220703125,276.3599853515625,7312922,-0.41,AAPL
,2026-02-05 12:35:04,233.8099975585937,232.92999267578125,234.7400054931641,232.4100036621093,3434833,-0.38,AMZN
,2026-02-05 12:35:04,334.375,333.3099975585937,334.8299865722656,333.0,2367636,-0.32,GOOG
,2026-02-05 12:35:04,673.530029296875,668.989990234375,674.4199829101562,667.989990234375,1078946,-0.67,META
,2026-02-05 12:35:04,415.1400146484375,414.2200012207031,415.8800048828125,412.6799926757813,3200595,-0.22,MSFT
,2026-02-06 12:33:38,276.6300048828125,275.9200134277344,276.9100036621094,275.3500061035156,3990713,-0.26,AAPL
,2026-02-06 12:33:39,223.0399932861328,222.5,223.3809967041016,221.509994506836,6219749,-0.24,AMZN
,2026-02-06 12:33:39,330.3900146484375,331.6400146484375,332.6440124511719,329.8500061035156,3064356,0.38,GOOG
,2026-02-06 12:33:39,671.5999755859375,670.0900268554688,674.5399780273438,668.3900146484375,1139208,-0.22,META
,2026-02-06 12:33:39,393.4200134277344,393.6000061035156,394.5,392.3299865722656,5159805,0.05,MSFT
,2026-02-07 12:24:03,277.6549987792969,278.0799865722656,279.010009765625,277.57000732421875,3255323,0.15,AAPL
,2026-02-07 12:24:03,322.9024963378906,323.0899963378906,324.989990234375,322.30010986328125,2454836,0.06,GOOG
,2026-02-07 12:24:03,399.6300048828125,400.8500061035156,401.7900085449219,399.2799987792969,3109047,0.31,MSFT
,2026-02-07 12:24:04,207.7899932861328,210.31500244140625,211.43170166015625,207.6100006103516,9300250,1.22,AMZN
,2026-02-07 12:24:04,660.594970703125,661.2750244140625,663.64990234375,659.1599731445312,1102522,0.1,META
,2026-02-08 12:24:48,277.6549987792969,278.0799865722656,279.010009765625,277.57000732421875,3255323,0.15,AAPL
,2026-02-08 12:24:48,207.7899932861328,210.31500244140625,211.43170166015625,207.6100006103516,9300250,1.22,AMZN
,2026-02-08 12:24:48,322.9024963378906,323.0899963378906,324.989990234375,322.30010986328125,2454836,0.06,GOOG
,2026-02-08 12:24:48,660.594970703125,661.2750244140625,663.64990234375,659.1599731445312,1102522,0.1,META
,2026-02-08 12:24:48,399.6300048828125,400.8500061035156,401.7900085449219,399.2799987792969,3109047,0.31,MSFT
,2026-02-09 12:41:03,277.6549987792969,278.0799865722656,279.010009765625,277.57000732421875,3255323,0.15,AAPL
,2026-02-09 12:41:03,399.6300048828125,400.8500061035156,401.7900085449219,399.2799987792969,3109047,0.31,MSFT
,2026-02-09 12:41:04,207.7899932861328,210.31500244140625,211.43170166015625,207.6100006103516,9300250,1.22,AMZN
,2026-02-09 12:41:04,322.9024963378906,323.0899963378906,324.989990234375,322.30010986328125,2454836,0.06,GOOG
,2026-02-09 12:41:04,660.594970703125,661.2750244140625,663.64990234375,659.1599731445312,1102522,0.1,META
,2026-02-10 12:45:33,274.0299987792969,274.5400085449219,275.1199951171875,273.510009765625,3837569,0.19,AAPL
,2026-02-10 12:45:33,209.0350036621093,208.6600036621093,209.52999877929688,208.60499572753903,4811050,-0.18,AMZN
,2026-02-10 12:45:33,323.489990234375,324.2300109863281,324.6499938964844,323.3500061035156,1587840,0.23,GOOG
,2026-02-10 12:45:33,679.3800048828125,677.239990234375,680.4000244140625,676.3099975585938,1057498,-0.31,META
,2026-02-10 12:45:33,412.9750061035156,413.625,414.489990234375,412.4500122070313,2608623,0.16,MSFT
,2026-02-11 12:41:14,274.0799865722656,273.7900085449219,274.489990234375,273.3099975585937,9399403,-0.11,AAPL
,2026-02-11 12:41:14,414.4700012207031,413.3200073242188,414.968994140625,412.7000122070313,2063262,-0.28,MSFT
,2026-02-11 12:41:15,207.7100067138672,206.9900054931641,207.88999938964844,206.8800048828125,23218376,-0.35,AMZN
,2026-02-11 12:41:15,320.0799865722656,318.5799865722656,320.3900146484375,318.42999267578125,1719224,-0.47,GOOG
,2026-02-11 12:41:15,672.4550170898438,670.75,674.9000244140625,669.7899780273438,1113938,-0.25,META
,2026-02-12 12:37:56,276.010009765625,275.5400085449219,276.54998779296875,275.4599914550781,2931248,-0.17,AAPL
,2026-02-12 12:37:57,203.88999938964844,204.009994506836,204.6300048828125,203.8350067138672,23511317,0.06,AMZN
,2026-02-12 12:37:57,310.70001220703125,311.20001220703125,311.6099853515625,310.1300048828125,1891074,0.16,GOOG
,2026-02-12 12:37:57,668.6099853515625,668.7122802734375,672.5,668.1400146484375,981704,0.02,META
,2026-02-12 12:37:57,403.9599914550781,404.2000122070313,405.1900024414063,403.0280151367188,12967994,0.06,MSFT
,2026-02-13 12:32:58,261.4800109863281,261.5899963378906,262.510009765625,260.2799987792969,5638818,0.04,AAPL
,2026-02-13 12:32:58,403.5150146484375,401.8800048828125,404.1499938964844,400.6900024414063,2361896,-0.41,MSFT
,2026-02-13 12:32:59,198.3699951171875,199.4499969482422,199.69000244140625,198.2124938964844,4420352,0.54,AMZN
,2026-02-13 12:32:59,308.3599853515625,309.32000732421875,309.6099853515625,308.1600036621094,1665007,0.31,GOOG
,2026-02-13 12:32:59,650.6500244140625,649.7150268554688,652.9299926757812,647.4400024414062,1166404,-0.14,META
,2026-02-14 12:23:48,255.9100036621093,255.82000732421875,256.6600036621094,255.4499969482422,6720926,-0.04,AAPL
,2026-02-14 12:23:48,198.3000030517578,198.7700042724609,199.07000732421875,197.8800048828125,4384504,0.24,AMZN
,2026-02-14 12:23:48,304.9700012207031,306.0199890136719,306.5199890136719,304.9200134277344,6289520,0.34,GOOG
,2026-02-14 12:23:48,400.7200012207031,401.1600036621094,401.7999877929688,400.0799865722656,1977210,0.11,MSFT
,2026-02-14 12:23:49,641.2550048828125,639.760009765625,641.989990234375,638.8200073242188,1028458,-0.23,META
,2026-02-15 12:25:46,255.9100036621093,255.82000732421875,256.6600036621094,255.4499969482422,6720926,-0.04,AAPL
,2026-02-15 12:25:47,198.3000030517578,198.7700042724609,199.07000732421875,197.8800048828125,4384504,0.24,AMZN
,2026-02-15 12:25:47,304.9700012207031,306.0199890136719,306.5199890136719,304.9200134277344,6289520,0.34,GOOG
,2026-02-15 12:25:47,641.2550048828125,639.760009765625,641.989990234375,638.8200073242188,1028458,-0.23,META
,2026-02-15 12:25:47,400.7200012207031,401.1600036621094,401.7999877929688,400.0799865722656,1977210,0.11,MSFT
,2026-02-16 12:36:40,255.9100036621093,255.82000732421875,256.6600036621094,255.4499969482422,6720926,-0.04,AAPL
,2026-02-16 12:36:40,304.9700012207031,306.0199890136719,306.5199890136719,304.9200134277344,6289520,0.34,GOOG
,2026-02-16 12:36:40,400.7200012207031,401.1600036621094,401.7999877929688,400.0799865722656,1977210,0.11,MSFT
,2026-02-16 12:36:41,198.3000030517578,198.7700042724609,199.07000732421875,197.8800048828125,4384504,0.24,AMZN
,2026-02-16 12:36:41,641.2550048828125,639.760009765625,641.989990234375,638.8200073242188,1028458,-0.23,META
,2026-02-17 12:36:31,255.9100036621093,255.82000732421875,256.6600036621094,255.4499969482422,6720926,-0.04,AAPL
,2026-02-17 12:36:32,198.3000030517578,198.7700042724609,199.07000732421875,197.8800048828125,4384504,0.24,AMZN
,2026-02-17 12:36:32,304.9700012207031,306.0199890136719,306.5199890136719,304.9200134277344,6289520,0.34,GOOG
,2026-02-17 12:36:32,641.2550048828125,639.760009765625,641.989990234375,638.8200073242188,1028458,-0.23,META
,2026-02-17 12:36:32,400.7200012207031,401.1600036621094,401.7999877929688,400.0799865722656,1977210,0.11,MSFT
,2026-02-18 12:35:56,264.2950134277344,263.75,264.5299987792969,262.5,4178204,-0.21,AAPL
,2026-02-18 12:35:56,200.5599975585937,201.2100067138672,201.27999877929688,200.3099975585937,3372373,0.32,AMZN
,2026-02-18 12:35:56,302.1099853515625,302.8099975585937,303.1099853515625,301.82000732421875,7585321,0.23,GOOG
,2026-02-18 12:35:56,641.1199951171875,639.27001953125,641.1599731445312,637.719970703125,827701,-0.29,META
,2026-02-18 12:35:56,396.3900146484375,396.7900085449219,397.8699951171875,396.0,2169711,0.1,MSFT
,2026-02-19 12:36:56,263.739990234375,264.32000732421875,265.5299987792969,263.739990234375,3105119,0.22,AAPL
,2026-02-19 12:36:56,204.41000366210932,204.65499877929688,205.3699951171875,204.3710021972656,3633484,0.12,AMZN
,2026-02-19 12:36:56,302.2699890136719,303.9200134277344,304.8399963378906,302.2300109863281,1311769,0.55,GOOG
,2026-02-19 12:36:56,399.3299865722656,399.5249938964844,400.5,399.3299865722656,1996962,0.05,MSFT
,2026-02-19 12:36:57,638.8699951171875,643.1199951171875,644.5399780273438,638.8699951171875,1352515,0.67,META
,2026-02-20 12:32:46,260.760009765625,260.510009765625,261.29998779296875,260.04998779296875,2956715,-0.1,AAPL
,2026-02-20 12:32:46,303.32000732421875,303.57000732421875,303.8599853515625,302.8399963378906,947196,0.08,GOOG
,2026-02-20 12:32:46,397.239990234375,398.4100036621094,398.6499938964844,396.8999938964844,1886167,0.29,MSFT
,2026-02-20 12:32:47,204.1499938964844,204.8999938964844,204.97000122070312,204.1499938964844,2405443,0.37,AMZN
,2026-02-20 12:32:47,643.3499755859375,644.6199951171875,645.5399780273438,642.7999877929688,817201,0.2,META
,2026-02-21 12:23:14,263.3450012207031,264.5899963378906,264.7449951171875,263.0899963378906,13540364,0.47,AAPL
,2026-02-21 12:23:14,209.4499969482422,210.17999267578125,210.289794921875,209.31500244140625,3521035,0.35,AMZN
,2026-02-21 12:23:14,315.260009765625,314.79998779296875,315.8500061035156,314.32000732421875,3675738,-0.15,GOOG
,2026-02-21 12:23:14,654.2999877929688,655.6099853515625,655.9799194335938,654.22998046875,652963,0.2,META
,2026-02-21 12:23:14,396.80999755859375,397.25,397.8699951171875,396.5249938964844,1978409,0.11,MSFT
